cn,indeg_in_subgraph,depth,arxiv_id,doi,inspire_url,title
810127,139,3,0901.0002,10.1140/epjc/s10052-009-1072-5,https://inspirehep.net/literature/810127,"Parton distributions for the LHC"
729695,57,4,hep-ex/0610068,10.1016/j.nuclphysb.2006.10.027,https://inspirehep.net/literature/729695,"A New measurement of the Collins and Sivers asymmetries on a transversely polarised deuteron target"
682772,46,4,hep-ex/0505054,"",https://inspirehep.net/literature/682772,"Antiproton-proton scattering experiments with polarization"
750627,44,2,0705.2141,10.1103/PhysRevD.75.114014,https://inspirehep.net/literature/750627,"$k_{T}$ factorization is violated in production of high-transverse-momentum particles in hadron-hadron collisions"
713783,42,2,hep-ph/0604023,10.1103/PhysRevD.73.094017,https://inspirehep.net/literature/713783,"Single Transverse-Spin Asymmetry in Drell-Yan Production at Large and Moderate Transverse Momentum"
823754,41,2,0906.3918,10.1103/PhysRevLett.103.152002,https://inspirehep.net/literature/823754,"Observation of the Naive-T-odd Sivers Effect in Deep-Inelastic Scattering"
771566,40,2,0712.4328,10.1016/j.ppnp.2008.01.001,https://inspirehep.net/literature/771566,"Azimuthal and Single Spin Asymmetries in Hard Scattering Processes"
789754,38,2,0807.0323,10.1103/PhysRevD.78.074010,https://inspirehep.net/literature/789754,"Transverse-momentum distributions in a diquark spectator model"
779762,37,1,0802.2821,10.1016/j.nuclphysb.2008.05.011,https://inspirehep.net/literature/779762,"Wilson lines and transverse-momentum dependent parton distribution functions: A Renormalization-group analysis"
763778,37,2,0710.1955,10.1103/PhysRevD.77.094001,https://inspirehep.net/literature/763778,"Renormalization, Wilson lines, and transverse-momentum dependent parton distribution functions"
746646,36,2,hep-ph/0703176,10.1103/PhysRevD.76.034002,https://inspirehep.net/literature/746646,"Relations between generalized and transverse momentum dependent parton distributions"
708985,35,1,hep-ph/0601171,10.1140/epjc/s2006-02554-2,https://inspirehep.net/literature/708985,"The Construction of gauge-links in arbitrary hard processes"
796530,34,1,0809.2262,10.1103/PhysRevD.79.034005,https://inspirehep.net/literature/796530,"Dilepton production from polarized hadron hadron collisions"
846542,33,2,1002.4407,10.1016/j.nuclphysb.2010.05.008,https://inspirehep.net/literature/846542,"A first unbiased global NLO determination of parton distributions and their uncertainties"
711854,29,3,hep-ph/0603054,10.1103/PhysRevD.73.094025,https://inspirehep.net/literature/711854,"Collins effect in semi-inclusive deeply inelastic scattering and in e+ e- annihilation"
698679,28,2,hep-ph/0511272,10.1103/PhysRevD.73.094023,https://inspirehep.net/literature/698679,"Sivers effect in Drell Yan at RHIC"
875383,28,2,1011.0909,10.1016/j.ppnp.2010.07.003,https://inspirehep.net/literature/875383,"Transverse-spin and transverse-momentum effects in high-energy processes"
690949,26,2,hep-ph/0508284,10.1016/j.physletb.2005.10.038,https://inspirehep.net/literature/690949,"Threshold resummation for electroweak annihilation from DIS data"
766732,26,2,0711.0636,10.1016/j.physletb.2007.11.096,https://inspirehep.net/literature/766732,"On the Relation Between Mechanisms for Single-Transverse-Spin Asymmetries"
777766,26,3,0801.2990,10.1103/PhysRevLett.101.222001,https://inspirehep.net/literature/777766,"Forward Neutral Pion Transverse Single Spin Asymmetries in p+p Collisions at s**(1/2) = 200-GeV"
814088,26,4,0902.4154,10.1088/1126-6708/2009/04/065,https://inspirehep.net/literature/814088,"EPS09: A New Generation of NLO and LO Nuclear Parton Distribution Functions"
618943,24,2,hep-ph/0305179,10.1088/1126-6708/2003/06/057,https://inspirehep.net/literature/618943,"Exponentiation of the Drell-Yan cross-section near partonic threshold in the DIS and MS-bar schemes"
814914,24,2,0903.1271,10.1103/PhysRevD.79.094012,https://inspirehep.net/literature/814914,"Azimuthal spin asymmetries in light-cone constituent quark models"
818224,24,2,0904.2727,10.1103/PhysRevD.80.054008,https://inspirehep.net/literature/818224,"Renormalization-group properties of transverse-momentum dependent parton distribution functions in the light-cone gauge with the Mandelstam-Leibbrandt prescription"
786236,24,3,0805.2975,10.1103/PhysRevD.78.032011,https://inspirehep.net/literature/786236,"Measurement of Azimuthal Asymmetries in Inclusive Production of Hadron Pairs in e+e- Annihilation at s**(1/2) = 10.58-GeV"
855212,24,4,1005.3457,10.1103/PhysRevD.82.074018,https://inspirehep.net/literature/855212,"Tuning Monte Carlo Generators: The Perugia Tunes"
710186,23,2,nucl-ex/0602011,10.1103/PhysRevLett.97.152302,https://inspirehep.net/literature/710186,"Forward neutral pion production in p+p and d+Au collisions at s(NN)**(1/2) = 200-GeV"
760379,23,2,0709.1390,10.1016/j.nuclphysb.2007.11.024,https://inspirehep.net/literature/760379,"Non-universality of transverse momentum dependent parton distribution functions"
862424,23,2,1007.4005,10.1140/epjc/s10052-011-1665-7,https://inspirehep.net/literature/862424,"Drell-Yan Production at Small $q_T$, Transverse Parton Distributions and the Collinear Anomaly"
594939,22,1,hep-ph/0209154,10.1016/S0550-3213(02)01034-9,https://inspirehep.net/literature/594939,"Renormalization group approach to soft gluon resummation"
679176,21,1,hep-ph/0503270,10.1103/PhysRevD.71.114007,https://inspirehep.net/literature/679176,"Dilepton production near partonic threshold in transversely polarized proton-antiproton collisions"
686133,21,2,hep-ph/0506288,10.1016/j.nuclphysb.2005.08.005,https://inspirehep.net/literature/686133,"Higher-order corrections in threshold resummation"
786392,21,2,0805.3355,10.1103/PhysRevD.78.114024,https://inspirehep.net/literature/786392,"Transverse momentum dependent distribution function $h_{1T}^\perp$ and the single spin asymmetry $A_{UT}^{\sin(3\phi-\phi_S)}$"
761288,21,3,0709.3038,10.1103/PhysRevC.76.065207,https://inspirehep.net/literature/761288,"Determination of nuclear parton distribution functions and their uncertainties in next-to-leading order"
667977,20,3,hep-ph/0412368,10.1103/PhysRevD.71.074014,https://inspirehep.net/literature/667977,"Monte-Carlo simulation of events for Drell-Yan pairs from antiproton-protons"
762845,20,3,0710.0680,10.1088/1126-6708/2008/07/030,https://inspirehep.net/literature/762845,"Dynamical Threshold Enhancement and Resummation in Drell-Yan Production"
813912,20,3,0902.3718,10.1103/PhysRevD.79.054008,https://inspirehep.net/literature/813912,"Pretzelosity h(1T)**perpendicular and quark orbital angular momentum"
714403,20,4,hep-ph/0604120,"",https://inspirehep.net/literature/714403,"Les houches physics at TeV colliders 2005, standard model and Higgs working group: Summary report"
815903,19,2,0903.3490,10.1103/PhysRevD.80.014021,https://inspirehep.net/literature/815903,"Transverse momentum dependent distribution functions in a covariant parton model approach with quark orbital motion"
877524,19,3,1011.3540,10.1016/j.cpc.2011.06.008,https://inspirehep.net/literature/877524,"FEWZ 2.0: A code for hadronic Z production at next-to-next-to-leading order"
803693,18,2,0811.4589,10.1103/PhysRevLett.102.182001,https://inspirehep.net/literature/803693,"Measurement of Angular Distributions of Drell-Yan Dimuons in p + p Interactions at 800-GeV/c"
681541,18,4,hep-ph/0504261,10.1103/PhysRevD.72.074013,https://inspirehep.net/literature/681541,"Monte Carlo simulation of events with Drell-Yan lepton pairs from antiproton-proton collisions: The Fully polarized case"
731418,18,4,hep-ph/0611148,10.1088/0034-4885/70/1/R02,https://inspirehep.net/literature/731418,"Hard Interactions of Quarks and Gluons: A Primer for LHC Physics"
752700,17,1,0706.1196,10.1103/PhysRevD.76.074029,https://inspirehep.net/literature/752700,"Single Transverse-Spin Asymmetry in Hadronic Dijet Production"
759562,17,1,0708.4398,10.1103/PhysRevD.76.094013,https://inspirehep.net/literature/759562,"Hadronic Dijet Imbalance and Transverse-Momentum Dependent Parton Distributions"
778396,17,3,0801.4545,10.1103/PhysRevC.78.014901,https://inspirehep.net/literature/778396,"Dihadron azimuthal correlations in Au$+$Au collisions at $\sqrt{s_{NN}}=$ 200 GeV"
778643,17,3,0802.0139,10.1088/1126-6708/2008/07/102,https://inspirehep.net/literature/778643,"An Improved global analysis of nuclear parton distribution functions including RHIC data"
829121,17,3,0908.2766,10.1103/PhysRevD.81.014032,https://inspirehep.net/literature/829121,"The 3, 4, and 5-flavor NNLO Parton from Deep-Inelastic-Scattering Data and at Hadron Colliders"
684954,17,4,hep-ph/0506127,10.1016/j.physletb.2007.05.043,https://inspirehep.net/literature/684954,"T-odd effects in unpolarized Drell-Yan scattering"
781205,17,4,0803.1692,10.1103/PhysRevD.77.054011,https://inspirehep.net/literature/781205,"Extracting Boer-Mulders functions from p+D Drell-Yan processes"
693371,16,2,hep-ph/0509294,10.1103/PhysRevD.73.077501,https://inspirehep.net/literature/693371,"Threshold resummation for Higgs production in effective field theory"
716284,16,2,hep-ph/0605068,10.1016/j.nuclphysb.2006.07.002,https://inspirehep.net/literature/716284,"Resummation of threshold logarithms in effective field theory for DIS, Drell-Yan and Higgs production"
806088,16,2,0812.4484,10.1103/PhysRevD.79.114022,https://inspirehep.net/literature/806088,"QCD Evolution of the Transverse Momentum Dependent Correlations"
848363,16,2,1003.2190,10.1103/PhysRevD.81.094019,https://inspirehep.net/literature/848363,"Intrinsic transverse parton momenta in deeply inelastic reactions"
729417,16,3,hep-ph/0610236,10.1103/PhysRevD.74.094018,https://inspirehep.net/literature/729417,"Single transverse-spin asymmetries at large-x"
784417,16,3,0804.4168,10.1103/PhysRevLett.104.132301,https://inspirehep.net/literature/784417,"Enhanced production of direct photons in Au+Au collisions at $\sqrt{s_{NN}}=200$ GeV and implications for the initial temperature"
800431,16,3,0810.4274,10.1103/PhysRevD.79.074023,https://inspirehep.net/literature/800431,"Dynamical NNLO parton distributions"
832907,15,1,0910.0467,10.1103/PhysRevD.81.094035,https://inspirehep.net/literature/832907,"Factorization at the LHC: From PDFs to Initial State Jets"
697375,15,2,hep-ph/0511119,"",https://inspirehep.net/literature/697375,"Working Group I: Parton distributions: Summary report for the HERA LHC Workshop Proceedings"
709321,15,2,nucl-ex/0601037,10.1103/PhysRevLett.96.202301,https://inspirehep.net/literature/709321,"Common suppression pattern of eta and pi0 mesons at high transverse momentum in Au+Au collisions at S(NN)**(1/2) = 200-GeV"
733894,15,2,hep-ph/0612094,10.1103/PhysRevD.76.034020,https://inspirehep.net/literature/733894,"Drell-Yan processes, transversity and light-cone wavefunctions"
946813,15,2,1111.4996,10.1007/JHEP07(2012)002,https://inspirehep.net/literature/946813,"Factorization Theorem For Drell-Yan At Low $q_T$ And Transverse Momentum Distributions On-The-Light-Cone"
699936,15,3,hep-ph/0512091,10.1103/PhysRevD.73.034018,https://inspirehep.net/literature/699936,"Monte Carlo simulation of the Sivers effect in high-energy proton-proton collisions"
727597,15,3,hep-ph/0610012,"",https://inspirehep.net/literature/727597,"Tevatron-for-LHC Report of the QCD Working Group"
731134,15,3,nucl-ex/0611007,10.1103/PhysRevC.76.034904,https://inspirehep.net/literature/731134,"A Detailed Study of High-p(T) Neutral Pion Suppression and Azimuthal Anisotropy in Au+Au Collisions at s(NN)**(1/2) = 200-GeV"
762190,15,3,0709.3253,10.1103/PhysRevD.77.014023,https://inspirehep.net/literature/762190,"Are there approximate relations among transverse momentum dependent distribution functions?"
828163,15,3,0908.1283,10.1209/0295-5075/88/61001,https://inspirehep.net/literature/828163,"Intrinsic quark transverse momentum in the nucleon from lattice QCD"
890521,15,3,1102.4704,10.1007/JHEP05(2011)041,https://inspirehep.net/literature/890521,"Unified framework for generalized and transverse-momentum dependent parton distributions within a 3Q light-cone picture of the nucleon"
780755,15,4,0803.0678,"",https://inspirehep.net/literature/780755,"Standard Model Handles and Candles Working Group: Tools and Jets Summary Report"
849050,15,4,1003.3124,10.1016/j.physletb.2010.03.064,https://inspirehep.net/literature/849050,"Charged-particle multiplicities in $pp$ interactions at $\sqrt{s}=900$ GeV measured with the ATLAS detector at the LHC"
757572,14,1,0708.0578,10.1103/PhysRevD.76.074006,https://inspirehep.net/literature/757572,"Transverse momentum dependence of the angular distribution of the Drell-Yan process"
852527,14,1,1004.3697,10.1016/j.nuclphysb.2010.07.013,https://inspirehep.net/literature/852527,"Wilson lines in transverse-momentum dependent parton distribution functions with spin degrees of freedom"
700934,14,3,hep-ph/0512249,10.1016/j.nuclphysb.2006.04.008,https://inspirehep.net/literature/700934,"On Sudakov and soft resummations in QCD"
752237,14,3,0706.0459,10.1016/j.physletb.2007.07.040,https://inspirehep.net/literature/752237,"Update of parton distributions at NNLO"
683352,14,4,hep-ph/0505214,10.1103/PhysRevD.72.054027,https://inspirehep.net/literature/683352,"Direct extraction of transversity and its accompanying T-odd distribution from the unpolarized and single-polarized Drell-Yan process"
856131,14,4,0908.3914,10.1016/j.physletb.2010.06.043,https://inspirehep.net/literature/856131,"Measurement of $d\sigma/dy$ of Drell-Yan $e^+e^-$ pairs in the $Z$ Mass Region from $p\bar{p}$ Collisions at $\sqrt{s}=1.96$ TeV"
882098,14,4,1012.5104,10.1088/1367-2630/13/5/053033,https://inspirehep.net/literature/882098,"Charged-particle multiplicities in pp interactions measured with the ATLAS detector at the LHC"
675704,13,1,hep-ph/0501260,10.1103/PhysRevC.72.054606,https://inspirehep.net/literature/675704,"Breakdown of QCD factorization at large Feynman x"
811385,13,2,0901.3078,10.1103/PhysRevD.79.054010,https://inspirehep.net/literature/811385,"Sivers effect in Drell-Yan processes"
895006,13,2,1104.0686,10.1103/PhysRevD.84.011502,https://inspirehep.net/literature/895006,"SCET, Light-Cone Gauge and the T-Wilson Lines"
724861,13,3,hep-ph/0608308,10.1016/j.nuclphysb.2007.01.005,https://inspirehep.net/literature/724861,"QCD threshold corrections to di-lepton and Higgs rapidity distributions beyond $N^{2}$ LO"
792561,13,4,0808.0908,10.1103/PhysRevC.79.024901,https://inspirehep.net/literature/792561,"Systematic Comparison of Jet Energy-Loss Schemes in a realistic hydrodynamic medium"
756396,12,1,0707.3150,10.1016/j.physletb.2007.09.008,https://inspirehep.net/literature/756396,"Angular distribution of leptons from the decay of massive vector bosons"
700033,12,2,hep-ph/0512121,10.1016/j.physletb.2006.07.012,https://inspirehep.net/literature/700033,"Double transverse-spin asymmetries in Drell-Yan processes with antiprotons"
786320,12,2,0805.3165,10.1088/1126-6708/2008/08/038,https://inspirehep.net/literature/786320,"Generalized parton correlation functions for a spin-0 hadron"
711769,12,3,hep-ph/0603041,10.1016/j.nuclphysb.2006.06.025,https://inspirehep.net/literature/711769,"Higher-order threshold effects to inclusive processes in QCD"
734018,12,3,hep-ph/0612117,10.1016/j.physletb.2007.01.044,https://inspirehep.net/literature/734018,"Master Formula for Twist-3 Soft-Gluon-Pole Mechanism to Single Transverse-Spin Asymmetry"
785755,12,3,0805.2137,"",https://inspirehep.net/literature/785755,"Sivers effect at HERMES, COMPASS and CLAS12"
1121392,12,3,1207.1303,10.1016/j.nuclphysb.2012.10.003,https://inspirehep.net/literature/1121392,"Parton distributions with LHC data"
778168,12,4,0801.4020,10.1103/PhysRevLett.101.232301,https://inspirehep.net/literature/778168,"Suppression pattern of neutral pions at high transverse momentum in Au$+$Au collisions at $\sqrt{s_{NN}}=$ 200 GeV and constraints on medium transport coefficients"
871366,12,4,1009.5908,10.1140/epjc/s10052-010-1512-2,https://inspirehep.net/literature/871366,"Measurement of Inclusive Jet and Dijet Cross Sections in Proton-Proton Collisions at 7 TeV Centre-of-Mass Energy with the ATLAS Detector"
762198,11,1,0709.3272,10.1103/PhysRevLett.100.032003,https://inspirehep.net/literature/762198,"Azimuthal asymmetric distribution of hadrons inside a jet at hadron collider"
814892,11,1,0903.1219,10.1088/1126-6708/2009/05/053,https://inspirehep.net/literature/814892,"QCD matrix elements and truncated showers"
708911,11,2,hep-ph/0601162,10.1103/PhysRevD.73.074005,https://inspirehep.net/literature/708911,"Threshold resummation for W-boson production at RHIC"
725576,11,2,hep-ph/0609073,10.1016/j.physletb.2006.10.064,https://inspirehep.net/literature/725576,"Threshold resummation of Drell-Yan rapidity distributions"
745968,11,2,hep-ph/0703079,10.1016/j.nuclphysb.2007.04.022,https://inspirehep.net/literature/745968,"Soft gluon corrections to double transverse-spin asymmetries for small-Q(T) dilepton production at RHIC and J-PARC"
749486,11,2,0704.3621,10.1088/0954-3899/34/7/S06,https://inspirehep.net/literature/749486,"Exploring the Partonic Structure of Hadrons through the Drell-Yan Process"
800964,11,2,0810.5212,10.1016/j.physletb.2009.08.052,https://inspirehep.net/literature/800964,"Lorentz invariance relations between parton distributions and the Wandzura-Wilczek approximation"
834212,11,2,0910.3108,10.1142/S0217732309001121,https://inspirehep.net/literature/834212,"Renormalization-group anatomy of transverse-momentum dependent parton distribution functions in QCD"
834244,11,2,0910.3181,10.1142/S0217732309001200,https://inspirehep.net/literature/834244,"Insights on non-perturbative aspects of TMDs from models"
710438,11,3,hep-ph/0602103,10.1103/PhysRevD.73.114002,https://inspirehep.net/literature/710438,"Monte Carlo simulation of single spin asymmetries in pion-proton collisions"
759947,11,3,0709.0614,10.1140/epjc/s10052-007-0462-9,https://inspirehep.net/literature/759947,"Dynamical parton distributions of the nucleon and very small-x physics"
810028,11,3,0809.4283,10.1140/epjc/s10052-009-1030-2,https://inspirehep.net/literature/810028,"Renormalization-Group Improved Prediction for Higgs Production at Hadron Colliders"
699940,11,4,hep-ph/0512095,10.1140/epjc/s2006-02490-1,https://inspirehep.net/literature/699940,"Transversity and its accompanying T-odd distribution from Drell-Yan processes with pion-proton collisions"
747425,11,4,hep-ph/0703293,"",https://inspirehep.net/literature/747425,"Colour modification of effective T-odd distributions"
863740,11,4,1007.5469,10.1103/PhysRevC.82.034913,https://inspirehep.net/literature/863740,"Triangular flow in hydrodynamics and transport theory"
825956,10,1,0907.2942,10.1088/1126-6708/2009/11/093,https://inspirehep.net/literature/825956,"What can break the Wandzura-Wilczek relation?"
686244,10,2,hep-ph/0506308,10.1016/j.nuclphysa.2005.11.014,https://inspirehep.net/literature/686244,"The Color glass condensate and hadron production in the forward region"
783431,10,2,0804.2408,10.1016/j.nuclphysb.2008.06.011,https://inspirehep.net/literature/783431,"Angular dependences in inclusive two-hadron production at BELLE"
817105,10,2,0904.0410,10.1103/PhysRevD.79.094010,https://inspirehep.net/literature/817105,"Next-to-leading Order Calculation of the Single Transverse Spin Asymmetry in the Drell-Yan Process"
830565,10,2,0909.1404,10.1103/PhysRevD.80.074032,https://inspirehep.net/literature/830565,"Analyzing the Boer-Mulders function within different quark models"
845672,10,2,1002.2213,10.1007/JHEP09(2010)005,https://inspirehep.net/literature/845672,"The Quark Beam Function at NNLL"
790844,10,3,0807.2480,10.1140/epjc/s10052-008-0806-0,https://inspirehep.net/literature/790844,"Transversity and T-odd PDFs from Drell-Yan processes with p p, p D and D D collisions"
849885,10,3,1003.4549,10.1103/PhysRevLett.105.262002,https://inspirehep.net/literature/849885,"Measurement of Single and Double Spin Asymmetries in Deep Inelastic Pion Electroproduction with a Longitudinally Polarized Target"
943429,10,3,1110.6428,10.1103/PhysRevD.85.034043,https://inspirehep.net/literature/943429,"The QCD Evolution of the Sivers Function"
735722,10,4,hep-ph/0612350,10.1140/epjc/s10052-006-0174-6,https://inspirehep.net/literature/735722,"The cos 2 phi asymmetry of Drell-Yan and J/psi production in unpolarized p anti-p scattering"
805783,9,1,0812.3783,10.1103/PhysRevLett.102.172003,https://inspirehep.net/literature/805783,"Partonic pole matrix elements for fragmentation"
815159,9,2,0903.1886,10.1103/PhysRevD.79.094028,https://inspirehep.net/literature/815159,"Transverse momentum distributions of quarks in the nucleon from the Chiral Quark Soliton Model"
787911,9,3,0806.1932,10.1016/j.physletb.2008.08.045,https://inspirehep.net/literature/787911,"Single Spin Asymmetries in Heavy Quark and Antiquark Productions"
793605,9,3,0808.3008,10.1103/PhysRevD.79.033013,https://inspirehep.net/literature/793605,"Origin of the Large Perturbative Corrections to Higgs Production at Hadron Colliders"
902334,9,3,1106.0139,10.1103/PhysRevD.84.014015,https://inspirehep.net/literature/902334,"Quark Wigner Distributions and Orbital Angular Momentum"
926682,9,3,1109.1354,10.1103/PhysRevD.84.094005,https://inspirehep.net/literature/926682,"Gluon Distribution Functions and Higgs Boson Production at Moderate Transverse Momentum"
929848,9,3,1109.6027,10.1007/JHEP02(2012)124,https://inspirehep.net/literature/929848,"Electroweak Gauge-Boson Production at Small $q_T$: Infrared Safety from the Collinear Anomaly"
679958,9,4,hep-ex/0504011,10.1007/BF03031992,https://inspirehep.net/literature/679958,"Spin physics with antiprotons"
777211,9,4,0801.1665,10.1103/PhysRevC.77.064907,https://inspirehep.net/literature/777211,"Quantitative Constraints on the Opacity of Hot Partonic Matter from Semi-Inclusive Single High Transverse Momentum Pion Suppression in Au+Au collisions at s(NN)**(1/2) = 200-GeV"
836929,9,4,0911.2710,10.1103/PhysRevD.80.111107,https://inspirehep.net/literature/836929,"Determination of the strong coupling constant from the inclusive jet cross section in $p\bar{p}$ collisions at sqrt(s)=1.96 TeV"
831002,8,2,0909.2238,10.1103/PhysRevD.81.054008,https://inspirehep.net/literature/831002,"Transverse momentum dependent quark distributions and polarized Drell-Yan processes"
838580,8,2,0912.0244,10.1103/PhysRevC.81.034911,https://inspirehep.net/literature/838580,"Detailed measurement of the $e^+ e^-$ pair continuum in $p+p$ and Au+Au collisions at $\sqrt{s_{NN}} = 200$ GeV and implications for direct photon production"
839513,8,2,0912.2031,10.1103/PhysRevD.81.034023,https://inspirehep.net/literature/839513,"Updating Boer-Mulders functions from unpolarized pd and pp Drell-Yan data"
893265,8,2,1103.3861,10.1103/PhysRevLett.107.062001,https://inspirehep.net/literature/893265,"Probing Gluonic Spin-Orbit Correlations in Photon Pair Production"
743460,8,3,hep-ph/0701255,10.1103/PhysRevD.75.014026,https://inspirehep.net/literature/743460,"Transverse spin effects of sea quarks in unpolarized nucleons"
789859,8,3,0807.0503,10.1103/PhysRevD.78.034035,https://inspirehep.net/literature/789859,"cos(2phi) asymmetries in unpolarized semi-inclusive DIS"
793861,8,3,0808.3629,10.1103/PhysRevD.78.114008,https://inspirehep.net/literature/793861,"Hyperon Polarization in Unpolarized Scattering Processes"
897700,8,3,1104.5651,10.1103/PhysRevD.84.034039,https://inspirehep.net/literature/897700,"On the Origin of Model Relations among Transverse-Momentum Dependent Parton Distributions"
941555,8,3,1110.4973,10.1103/PhysRevD.85.032002,https://inspirehep.net/literature/941555,"Measurement of the Rapidity and Transverse Momentum Distributions of $Z$ Bosons in $pp$ Collisions at $\sqrt{s}=7$ TeV"
663107,8,4,hep-ph/0410375,10.1103/PhysRevD.72.033015,https://inspirehep.net/literature/663107,"Transverse momentum resummation at small x for the Tevatron and CERN LHC"
806077,8,4,0812.4448,10.1016/j.physletb.2009.04.033,https://inspirehep.net/literature/806077,"Determination of strange sea distributions from νN deep inelastic scattering"
819672,8,4,0905.1070,10.1103/PhysRevC.80.024909,https://inspirehep.net/literature/819672,"Systematic Studies of Elliptic Flow Measurements in Au+Au Collisions at s**(1/2) = 200-GeV"
928289,8,4,1109.5141,10.1103/PhysRevD.85.072004,https://inspirehep.net/literature/928289,"Measurement of the inclusive $W^\pm$ and Z/gamma cross sections in the electron and muon decay channels in $pp$ collisions at $\sqrt{s}=7$ TeV with the ATLAS detector"
627142,7,1,"","",https://inspirehep.net/literature/627142,"Transverse spin physics"
799913,7,1,0810.3333,10.1103/PhysRevD.78.114013,https://inspirehep.net/literature/799913,"Accessing tri-gluon correlations in the nucleon via the single spin asymmetry in open charm production"
815957,7,1,0903.3629,10.1103/PhysRevLett.103.172001,https://inspirehep.net/literature/815957,"Testing the Time-Reversal Modified Universality of the Sivers Function"
839169,7,1,0912.1319,10.1103/PhysRevD.81.054020,https://inspirehep.net/literature/839169,"Single transverse spin asymmetry of dilepton production near Z0 pole"
666733,7,2,hep-ph/0412138,10.1103/PhysRevD.71.034009,https://inspirehep.net/literature/666733,"Quark initial state interaction in deep inelastic scattering and the Drell-Yan process"
771527,7,2,0712.4240,10.1103/PhysRevD.77.051502,https://inspirehep.net/literature/771527,"Single spin asymmetries in inclusive hadron production from semiinclusive DIS to hadronic collisions: Universality and phenomenology"
811359,7,2,0901.2966,10.1088/0253-6102/53/2/21,https://inspirehep.net/literature/811359,"Single Transverse Spin Asymmetries at Parton Level"
848042,7,2,1003.1482,10.1016/j.physletb.2010.05.072,https://inspirehep.net/literature/848042,"Gauge invariance, causality and gluonic poles"
894457,7,2,1103.5977,10.1103/PhysRevD.83.114044,https://inspirehep.net/literature/894457,"Naive time-reversal odd phenomena in semi-inclusive deep-inelastic scattering from light-cone constituent quark models"
929863,7,2,1109.6293,10.1103/PhysRevD.85.045003,https://inspirehep.net/literature/929863,"On the linearly polarized gluon distributions in the color dipole model"
1088823,7,2,1202.2554,10.1140/epjc/s10052-012-1945-x,https://inspirehep.net/literature/1088823,"Study of High-pT Charged Particle Suppression in PbPb Compared to $pp$ Collisions at $\sqrt{s_{NN}}=2.76$ TeV"
805340,7,3,0812.2862,10.1016/j.nuclphysb.2009.02.014,https://inspirehep.net/literature/805340,"Transverse-momentum resummation: A Perturbative study of Z production at the Tevatron"
861204,7,3,1007.2351,10.1016/j.physletb.2010.12.024,https://inspirehep.net/literature/861204,"Production of Drell-Yan lepton pairs in hadron collisions: Transverse-momentum resummation at next-to-next-to-leading logarithmic accuracy"
882024,7,3,1012.5296,10.1103/PhysRevD.83.054025,https://inspirehep.net/literature/882024,"The relation between TMDs and PDFs in the covariant parton model approach"
913470,7,3,1106.2293,10.1016/j.physletb.2011.09.044,https://inspirehep.net/literature/913470,"Precise measurements of beam spin asymmetries in semi-inclusive $\pi^0$ production"
779326,7,4,0802.1792,10.1103/PhysRevD.78.015012,https://inspirehep.net/literature/779326,"Searching for Extra Z-prime from Strings and Other Models at the LHC with Leptoproduction"
825630,7,4,0907.2357,10.1103/PhysRevD.80.094004,https://inspirehep.net/literature/825630,"PDF Nuclear Corrections for Charged and Neutral Current Processes"
878863,7,4,1011.5773,10.1016/j.physletb.2011.01.013,https://inspirehep.net/literature/878863,"Collective flow and long-range correlations in relativistic heavy ion collisions"
1088724,7,4,1202.2281,10.1103/PhysRevD.86.054009,https://inspirehep.net/literature/1088724,"Parton Distribution Functions and Benchmark Cross Sections at NNLO"
614451,6,1,hep-ph/0303021,10.1016/j.physletb.2003.05.007,https://inspirehep.net/literature/614451,"Full transverse momentum spectra of low mass Drell-Yan pairs at LHC energies"
700210,6,2,hep-ph/0512137,10.1143/PTP.115.667,https://inspirehep.net/literature/700210,"The Dilepton Q(T) spectrum in transversely polarized Drell-Yan process in QCD"
797836,6,2,0809.4811,10.1088/1126-6708/2008/11/090,https://inspirehep.net/literature/797836,"Partonic State and Single Transverse Spin Asymmetry in Drell-Yan Process"
811675,6,2,0901.3601,10.1016/j.physletb.2009.06.041,https://inspirehep.net/literature/811675,"Drell-Yan Lepton Pair Azimuthal Asymmetry in Hadronic Processes"
816394,6,2,0903.4680,10.1103/PhysRevLett.103.052001,https://inspirehep.net/literature/816394,"Collins Fragmentation and the Single Transverse Spin Asymmetry"
846839,6,2,1002.4666,10.1103/RevModPhys.82.2991,https://inspirehep.net/literature/846839,"Distribution Functions of the Nucleon and Pion in the Valence Region"
856126,6,2,1005.4060,10.1103/PhysRevLett.106.032001,https://inspirehep.net/literature/856126,"The Beam Thrust Cross Section for Drell-Yan at NNLL Order"
862264,6,2,1007.3773,10.1103/PhysRevD.83.053007,https://inspirehep.net/literature/862264,"Transverse Momentum Distributions from Effective Field Theory with Numerical Results"
870935,6,2,1009.4864,10.1103/PhysRevD.82.112008,https://inspirehep.net/literature/870935,"Measurement of Transverse Single-Spin Asymmetries for $J/\psi$ Production in Polarized $p+p$ Collisions at $\sqrt{s} = 200$ GeV"
889546,6,2,1102.2696,10.1103/PhysRevLett.106.172002,https://inspirehep.net/literature/889546,"Measurement of Dijet Azimuthal Decorrelations in $pp$ Collisions at $\sqrt{s}=7$ TeV"
901427,6,2,1105.5171,10.1103/PhysRevD.84.094014,https://inspirehep.net/literature/901427,"An Exclusive Soft Function for Drell-Yan at Next-to-Next-to-Leading Order"
902298,6,2,1106.0266,10.1103/PhysRevLett.107.152002,https://inspirehep.net/literature/902298,"QCD Resummation for Single Spin Asymmetries"
920222,6,2,1107.5294,10.1007/JHEP10(2011)021,https://inspirehep.net/literature/920222,"Bessel-Weighted Asymmetries in Semi Inclusive Deep Inelastic Scattering"
866728,6,3,1008.5322,10.1103/PhysRevD.83.074008,https://inspirehep.net/literature/866728,"Semiinclusive DIS cross sections and spin asymmetries in the quantum statistical parton distributions approach"
879389,6,3,1012.0836,10.1016/j.nuclphysb.2011.03.017,https://inspirehep.net/literature/879389,"Reweighting NNPDFs: the W lepton asymmetry"
1082012,6,3,1112.4423,10.1103/PhysRevLett.108.242003,https://inspirehep.net/literature/1082012,"Calculation of TMD Evolution for Transverse Single Spin Asymmetry Measurements"
1126143,6,3,1208.1281,10.1140/epjc/s10052-013-2636-y,https://inspirehep.net/literature/1126143,"Model-Independent Evolution of Transverse Momentum Dependent Distribution Functions (TMDs) at NNLL"
745992,6,4,nucl-th/0703019,10.1103/PhysRevC.76.041902,https://inspirehep.net/literature/745992,"Jet modification in three dimensional fluid dynamics at next-to-leading twist"
830113,6,4,0909.0268,10.1103/PhysRevD.81.074010,https://inspirehep.net/literature/830113,"Experimental consistency in parton distribution fitting"
878904,6,4,1012.0286,10.1103/PhysRevLett.106.122301,https://inspirehep.net/literature/878904,"Nuclear Corrections in Neutrino-Nucleus DIS and Their Compatibility with Global NPDF Analyses"
882534,6,4,1012.5382,10.1016/j.physletb.2011.03.012,https://inspirehep.net/literature/882534,"Measurement of the production cross section for W-bosons in association with jets in $pp$ collisions at $\sqrt{s}=7$ TeV with the ATLAS detector"
921788,6,4,1108.0566,10.1007/JHEP10(2011)007,https://inspirehep.net/literature/921788,"Measurement of the Drell-Yan Cross Section in $pp$ Collisions at $\sqrt{s}=7$ TeV"
645925,5,1,hep-ph/0403089,10.1088/0954-3899/30/8/019,https://inspirehep.net/literature/645925,"Jet tomography"
707752,5,1,hep-ph/0604226,"",https://inspirehep.net/literature/707752,"Single spin asymmetries and gauge invariance in hard scattering processes"
847380,5,1,1003.0482,10.1103/PhysRevLett.105.062001,https://inspirehep.net/literature/847380,"Non-Universality of Transverse Momentum Dependent Parton Distributions at Small-x"
708136,5,2,hep-ph/0601048,10.1016/j.physletb.2006.02.058,https://inspirehep.net/literature/708136,"Borel resummation of soft gluon radiation and higher twists"
725504,5,2,hep-ph/0609066,10.1103/PhysRevD.76.074015,https://inspirehep.net/literature/725504,"Drell-Yan production and Lam-Tung relation in the color glass condensate formalism"
760564,5,2,0709.1752,10.1143/PTP.118.581,https://inspirehep.net/literature/760564,"Transversely Polarized Drell-Yan Process and Soft Gluon Resummation in QCD"
776567,5,2,0801.0026,10.1016/j.physletb.2008.02.056,https://inspirehep.net/literature/776567,"Double-spin asymmetries for small-Q(T) Drell-Yan pair production in transversely polarized p anti-p collisions"
785192,5,2,0805.1049,10.1088/1126-6708/2008/10/113,https://inspirehep.net/literature/785192,"Angular correlations in multi-jet final states from k-perpendicular - dependent parton showers"
801368,5,2,0811.0224,10.1016/j.physletb.2009.04.071,https://inspirehep.net/literature/801368,"Partonic State and Single Transverse Spin Asymmetries in Semi Inclusive DIS"
836174,5,2,0911.1031,"",https://inspirehep.net/literature/836174,"Understanding the evolution of transverse-momentum dependent parton densities"
852080,5,2,1004.2489,10.1103/PhysRevLett.105.092002,https://inspirehep.net/literature/852080,"N-Jettiness: An Inclusive Event Shape to Veto Jets"
857993,5,2,1006.2144,10.1007/JHEP09(2010)084,https://inspirehep.net/literature/857993,"Giant QCD K-factors beyond NLO"
872641,5,2,1010.1934,10.22323/1.119.0053,https://inspirehep.net/literature/872641,"Role and Properties of Wilson Lines in Transverse-Momentum-Dependent Parton Distribution Functions"
894312,5,2,1103.5699,10.1103/PhysRevLett.106.241801,https://inspirehep.net/literature/894312,"First Measurement of the Angular Coefficients of Drell-Yan $e^{+}e^{-}$ pairs in the Z Mass Region from $p\bar{p}$ Collisions at $\sqrt{s}$ = 1.96 TeV"
725660,5,3,hep-ph/0609080,10.1103/PhysRevD.74.094008,https://inspirehep.net/literature/725660,"Single-Spin Observables and Orbital Structures in Hadronic Distributions"
745149,5,3,hep-ph/0702244,10.1088/1126-6708/2007/08/030,https://inspirehep.net/literature/745149,"NNLO Logarithmic Expansions and Precise Determinations of the Neutral Currents near the Z Resonance at the LHC: The Drell-Yan case"
748795,5,3,0704.2292,10.1103/PhysRevD.75.094012,https://inspirehep.net/literature/748795,"Double transverse spin asymmetry in the p up anti-p up Drell-Yan process from Sivers functions"
852545,5,3,1004.3653,10.1007/JHEP06(2010)094,https://inspirehep.net/literature/852545,"Calculation of the quark and gluon form factors to three loops in QCD"
879362,5,3,1011.5247,"",https://inspirehep.net/literature/879362,"Parton distributions at the dawn of the LHC"
1089398,5,3,1202.3794,10.1103/PhysRevD.85.114009,https://inspirehep.net/literature/1089398,"A QCD Analysis of Double Parton Scattering: Color Correlations, Interference Effects and Evolution"
